id,date,text,CAR
1742235895166652609,2024-01-02 17:26:21+00:00,Congratulations Tesla team on a great year!!,-0.053737153575788586
1784785885416067521,2024-04-29 03:24:49+00:00,"@MuskBreaking Thanks George ‚ù§Ô∏è 

We redirected everyone who wasn‚Äôt building cars to delivering cars ‚Äì legal, finance, HR, designers, everyone. I personally delivered many cars. 

Tesla was out of cash, so it was a case of deliver or die. The team delivered.",-0.06948412391743303
1784783215678349392,2024-04-29 03:14:12+00:00,@Teslaconomics Tesla China team is great,-0.06948412391743303
1784561310883344542,2024-04-28 12:32:26+00:00,"@WholeMarsBlog Tesla will spend around $10B this year in combined training and inference AI, the latter being primarily in car.

Any company not spending at this level, and doing so efficiently, cannot compete.",0.0834739908742053
1784375472887066653,2024-04-28 00:13:59+00:00,"As Cathie Wood states, Tesla is the biggest AI project on Earth",0.0834739908742053
1783971365349171640,2024-04-26 21:28:12+00:00,Try out Tesla supervised full self-driving and you‚Äôll be amazed!,0.15502055477331814
1783728663932153881,2024-04-26 05:23:48+00:00,@niccruzpatane @Tesla @WholeMarsBlog @SawyerMerritt Cool,0.15502055477331814
1783290757035798672,2024-04-25 00:23:43+00:00,@Gfilche @Tesla @bgurley @altcap Yeah,-0.0072797987212116335
1782826163326579110,2024-04-23 17:37:35+00:00,"Tesla has now created over 30,000 manufacturing jobs in California!",0.1885964361968559
1782823375322378690,2024-04-23 17:26:30+00:00,@niccruzpatane @Tesla @WholeMarsBlog @tesla_na Yeah,0.1885964361968559
1782552493928460522,2024-04-22 23:30:07+00:00,Tesla is the lowest cost car to maintain https://t.co/VJjggL4l1E,0.21418539235194434
1782503604064022750,2024-04-22 20:15:51+00:00,@WhatsupFranks @niccruzpatane @Tesla Nice,0.21418539235194434
1782436262881661053,2024-04-22 15:48:15+00:00,@niccruzpatane @Tesla Exactly. The ads were far too generic ‚Äì could‚Äôve been any car.,0.21418539235194434
1782067256194633756,2024-04-21 15:21:57+00:00,"@iliketeslas @WholeMarsBlog Other cars change prices constantly and often by wide margins via dealer markups and manufacturer/dealer incentives. Only a fool thinks the ‚ÄúMSRP‚Äù is the real price. 

Tesla prices must change frequently in order to match production with demand.",0.12753092851050296
1782054997443727743,2024-04-21 14:33:15+00:00,@niccruzpatane @Tesla @WholeMarsBlog @tesla_na A Tesla can float briefly,0.12753092851050296
1781855214460428580,2024-04-21 01:19:23+00:00,@mayemusk @Tesla Nice to see you at work ‚ù§Ô∏è,0.12753092851050296
1781544584100659557,2024-04-20 04:45:03+00:00,And the gas savings are very real. That‚Äôs why so many Uber drivers use Tesla!,-0.00014469991618406425
1781541775183610310,2024-04-20 04:33:53+00:00,"@cb_doge Unfortunately, very heavy Tesla obligations require that the visit to India be delayed, but I do very much look forward to visiting later this year.",-0.00014469991618406425
1780311790737596736,2024-04-16 19:06:22+00:00,@SawyerMerritt We are simplifying and streamlining the whole Tesla sales and delivery system. It has become complex and inefficient.,-0.05483427010516539
1780262410713968925,2024-04-16 15:50:09+00:00,"@ICannot_Enough Very half decade or so, Tesla has to do a complete organizational overhaul to reach the next level. 

That said, our executive tenure is unusually high at well over 10 years at Tesla.",-0.05483427010516539
1780041438002385076,2024-04-16 01:12:05+00:00,"@MinimalDuck @Tesla Cool, sorry it took so long for the auto wipers to work well. Harder than it seems.",-0.05483427010516539
1779925350446686470,2024-04-15 17:30:47+00:00,"@Gfilche @Tesla After taking a well-deserved break, Drew will no doubt go on to do great things. I look forward to following what he does next.",-0.07143171130233682
1779889882615177355,2024-04-15 15:09:51+00:00,@rohanspatel @Tesla Thanks for everything you‚Äôve done for Tesla. Much appreciated.,-0.07143171130233682
1779885461290287117,2024-04-15 14:52:17+00:00,@baglino Thanks for everything you‚Äôve done for Tesla. Few have contributed as much as you.,-0.07143171130233682
1778500046214009172,2024-04-11 19:07:08+00:00,Glad Tesla FSD was there to help and that you‚Äôre feeling well!,-0.01913741797862765
1777436816527741033,2024-04-08 20:42:14+00:00,@thetechbrother This is not accurate. Tesla would be second highest and X/xAI would be third if measured correctly.,0.021432674834870102
1776661667738468354,2024-04-06 17:22:05+00:00,@alex_avoigt Tesla is an AI/robotics and sustainable energy company,0.07879119752670892
1776398854516285825,2024-04-05 23:57:45+00:00,@TashaARK Won‚Äôt be long before Tesla exceeds 10B miles of FSD,0.05021007312923355
1776273522337452114,2024-04-05 15:39:43+00:00,@mayemusk Safety is Tesla‚Äôs top priority,0.05021007312923355
1775731044836381042,2024-04-04 03:44:07+00:00,@WholeMarsBlog Tesla would be happy to do such deals,-0.03310925751829528
1775730029252796461,2024-04-04 03:40:05+00:00,"@WholeMarsBlog Production rate and fully considered cost are the challenges. Demand for stationary batteries is super high.

I think Tesla might end up doing more total Joules in stationary than mobile long-term.",-0.03310925751829528
1775728744201879758,2024-04-04 03:34:58+00:00,"@TeslaBoomerMama @SawyerMerritt The support is super appreciated. 

I (obviously) don‚Äôt need to money personally, but am concerned about not having voting power that to influence Tesla to do the right thing.",-0.03310925751829528
1775645051017719913,2024-04-03 22:02:24+00:00,@SawyerMerritt Tesla is increasing comp (contingent on progress milestones) of our AI engineering team,-0.00872926232507193
1775644544853221599,2024-04-03 22:00:24+00:00,"@SawyerMerritt Ethan is very talented, but ‚Äúvision chief‚Äù would be overstating things. 

There are over 200 excellent engineers in the Tesla AI/Autonomy team. Tesla‚Äôs pace of progress with autonomy is accelerating. 

The talent war for AI is the craziest talent war I‚Äôve ever seen!",-0.00872926232507193
1775608815901454380,2024-04-03 19:38:25+00:00,"@SawyerMerritt Ethan was going to join OpenAI, so it was either xAI or them. 

They have been aggressively recruiting Tesla engineers with massive compensation offers and have unfortunately been successful in a few cases.",-0.00872926232507193
1775013872157475254,2024-04-02 04:14:19+00:00,@olivercameron @Tesla Cool,0.0006034121723897182
1773661808722948559,2024-03-29 10:41:42+00:00,"@alex_avoigt Most people still have no idea how crushingly good Tesla FSD will get.

It will be superhuman to such a degree that it will seem strange in the future that humans drove cars, even while exhausted and drunk!

Cars will take you where you want automatically, just like getting in an",0.0029392262061113325
1772998000236695836,2024-03-27 14:43:58+00:00,@branky34 @Tesla @Tesla_AI Cool,-0.01740444636531789
1772871758321795330,2024-03-27 06:22:20+00:00,@MatthewDR @Tesla We are,-0.01740444636531789
1772699055870615895,2024-03-26 18:56:04+00:00,@jimkxa Tesla‚Äôs self-driving AI will be vastly better than human,0.0032398689345168458
1772334741288526183,2024-03-25 18:48:25+00:00,@jgebbia @Tesla The Jetsons meets Grease,0.0419426121029159
1772015928789676435,2024-03-24 21:41:34+00:00,"@ID_AA_Carmack Tesla could do it, but I sure hope we don‚Äôt have to",0.06798676220392386
1769431380079866193,2024-03-17 18:31:30+00:00,@niccruzpatane @Tesla @WholeMarsBlog @SawyerMerritt Glad it worked out,0.1040767892735098
1768885314863366324,2024-03-16 06:21:38+00:00,Tesla Model Y price will rise by $1000 in a few weeks,0.0678207117432855
1767920313864511795,2024-03-13 14:27:03+00:00,@chazman @Tesla Gathering video training data over a wide range of adversarial conditions,-0.029637146440545135
1767917831562166581,2024-03-13 14:17:12+00:00,"Thanks to the hard work of the Tesla Giga Berlin team and support from the community, the factory is back online!",-0.029637146440545135
1767671535660122385,2024-03-12 21:58:30+00:00,Tesla full self-driving v12.3 in action,-0.0723663514012982
1766958707428958520,2024-03-10 22:45:59+00:00,@MichaelDell @bucees @Tesla Cool,-0.018575631628395824
1766192854378934374,2024-03-08 20:02:45+00:00,Tesla is hardcore,0.015861863625147864
1765831716113977731,2024-03-07 20:07:43+00:00,Car talk with Tesla,-0.01659711377809394
1765033415395451169,2024-03-05 15:15:33+00:00,@SawyerMerritt That‚Äôs how you know the reporter *really* hates Tesla and/or is being fed this bs by a PR (aka propaganda) company paid by the lawyers,-0.037119351316402316
1763773501616328775,2024-03-02 03:49:06+00:00,The lawyers who did nothing but damage Tesla want $6 billion. Criminal.,-0.11852190484255654
1829310448472080746,2024-08-30 00:09:32+00:00,@SawyerMerritt @Tesla This is awesome üòé,0.0
1828650264263323963,2024-08-28 04:26:12+00:00,@emollick Tesla can do something similar with real world video,0.048961531651716364
1828495386249486647,2024-08-27 18:10:46+00:00,Potential Tesla/SpaceX collab: ride hailing works even if you‚Äôre in space!,0.03445476305998406
1828237233926611369,2024-08-27 01:04:58+00:00,The Tesla construction and supercompute infrastructure teams are awesome,0.03445476305998406
1828236875452080376,2024-08-27 01:03:32+00:00,"@BasedBeffJezos Austin is awesome. 

Gaining critical mass of tech talent fast. 

The Tesla AI inference chips in all our cars were designed by our Austin team.",0.03445476305998406
1827981493924155796,2024-08-26 08:08:45+00:00,"Video of the inside of Cortex today, the giant new AI training supercluster being built at Tesla HQ in Austin to solve real-world AI https://t.co/DwJVUWUrb5",-0.026809185148050158
1826618763669860778,2024-08-22 13:53:44+00:00,@ajtourville @Tesla Telegraph is sucking wind,0.049500642638423506
1826364376414388468,2024-08-21 21:02:54+00:00,@ajtourville Tesla‚Äôs big brain for AI training,-0.0004560490613020607
1825308550324683083,2024-08-18 23:07:25+00:00,@ajtourville @Tesla An endless source of mirth,0.044862391455058
1823590581190492398,2024-08-14 05:20:49+00:00,Tesla HQ pic taken this morning https://t.co/qfucSpBK17,0.08911690168159511
1823412698438361212,2024-08-13 17:33:59+00:00,@SawyerMerritt @Tesla Cool,0.07542751842130031
1819797937414611313,2024-08-03 18:10:13+00:00,"Just did a walkthrough of the Tesla supercompute cluster at Giga Texas (aka Cortex).

This will be ~100k H100/H200 with massive storage for video training of FSD &amp; Optimus. 

Great work by the Tesla team!",-0.01661235541894475
1819473174838280661,2024-08-02 20:39:43+00:00,@TeslaBoomerMama @Tesla @EVjectOfficial @xTakeOver Will investigate,-0.03705422338781509
1819107597745901811,2024-08-01 20:27:03+00:00,"One day, Tesla will make a drivetrain per second",-0.043653309688040494
1819068861360009562,2024-08-01 17:53:07+00:00,@woodhaus2 Good to have you a partner in making Tesla what it is today,-0.043653309688040494
1818667670449144308,2024-07-31 15:18:56+00:00,Congrats to the Tesla drivetrain team!,-0.11642199820476606
1818367373415510175,2024-07-30 19:25:40+00:00,@Gfilche @Tesla I hear you,-0.08534532338887466
1818342829006926055,2024-07-30 17:48:08+00:00,Tesla Model Y gets highest safety score ever!,-0.08534532338887466
1818028437132759083,2024-07-29 20:58:51+00:00,@SawyerMerritt @Tesla Cool,-0.07558982281211986
1817956284315967727,2024-07-29 16:12:08+00:00,"FSD 12.5.1 starts wide release today. 

Please connect your Tesla to WiFi to receive the update.",-0.07558982281211986
1817598585229230575,2024-07-28 16:30:46+00:00,@SawyerMerritt Biden is utterly controlled by the UAW. He would rather Tesla be dead than not unionized.,0.0369648888534376
1817129942439641211,2024-07-27 09:28:33+00:00,"Super cool Tesla light show!
 https://t.co/o6r5zqDbGU",0.001836012661145886
1816973018192568821,2024-07-26 23:04:59+00:00,@thejefflutz @Jalopnik @Tesla Exactly,0.048950740434691116
1816478001884004816,2024-07-25 14:17:58+00:00,Looks like the public is in favor. Will discuss with Tesla board.,-0.01047345588399869
1815909026682589299,2024-07-24 00:37:04+00:00,@Gfilche @Tesla @xai Interesting,-0.014127843728507804
1815907844434112999,2024-07-24 00:32:22+00:00,"Should Tesla invest $5B into @xAI, assuming the valuation is set by several credible outside investors?

(Board approval &amp; shareholder vote are needed, so this is just to test the waters)",-0.014127843728507804
1815862269722415388,2024-07-23 21:31:16+00:00,Tesla earnings livestream,-0.15910949296166416
1815846057328161172,2024-07-23 20:26:51+00:00,Tesla quarterly update,-0.15910949296166416
1815844918151045153,2024-07-23 20:22:19+00:00,"@ajtourville Important to note that we also use the Tesla HW4 AI computer in the training loop with Nvidia GPUs, currently at roughly a 1:2 ratio. Also, we‚Äôre changing the name from Hardware 4 (HW4) to Artificial Intelligence 4 (AI4). 

That means ~90k H100, plus ~40k AI4 computers.",-0.15910949296166416
1815340648779702650,2024-07-22 10:58:32+00:00,"But definitely looking to increase our human talent advantage, so please apply at @xAI, as well as @Tesla and @X",-0.1718550161826299
1815329637188202550,2024-07-22 10:14:47+00:00,"@i_dg23 Tesla will have genuinely useful humanoid robots in low production for Tesla internal use next year and, hopefully, high production for other companies in 2026",-0.1718550161826299
1814881735382880496,2024-07-21 04:34:59+00:00,"@FischerKing64 I literally have zero interests Russia. Tesla has no operations there, SpaceX directly competes with Russia for space launch and Starlink is a key asset of Ukraine. 

Sam Harris is a pompous hypocrite (writes book about how lying is terrible and then advocates lying to keep Trump",-0.13722629324319122
1814690059586523143,2024-07-20 15:53:20+00:00,"@ID_AA_Carmack Tesla has done so much that would be considered ‚ÄúAI research breakthroughs‚Äù, but we are laser-focused on making it work, rather than crowing about breakthroughs. 

Having a large fleet is only one piece of the puzzle. Plenty of other car companies produce way more cars than",0.0018071287186847002
1814682662902079818,2024-07-20 15:23:56+00:00,@TeslaBoomerMama @Tesla Thanks for letting me know,0.0018071287186847002
1814165239602012523,2024-07-19 05:07:53+00:00,"@teslaownersSV A surprising number of people think that Tesla survives on subsidies. That is true of our competitors, but not of Tesla.",0.033945461862299596
1814056628158693837,2024-07-18 21:56:18+00:00,"@karpathy Yup, same thing happening with real-world AI at Tesla",-0.056670379917618925
1813936675825029312,2024-07-18 13:59:39+00:00,@paulg Are you using a Tesla?,-0.056670379917618925
1813936169111220523,2024-07-18 13:57:38+00:00,"@chazman @Tesla @Starlink @cybertruck Yes, Cybertruck FSD releases with 12.5, which also finally merges the city and highway code.",-0.056670379917618925
1813219981674619275,2024-07-16 14:31:46+00:00,@johnkrausphotos @Starlink @Tesla Cool,-0.12109486763284669
1813112958157005259,2024-07-16 07:26:29+00:00,"@WholeMarsBlog Take away the subsidies. It will only help Tesla. 

Also, remove subsidies from all industries!",-0.12109486763284669
1813006521497776496,2024-07-16 00:23:33+00:00,Both @Tesla and @xAI are looking to hire networking engineers &amp; technicians,-0.12109486763284669
1812995931769610506,2024-07-15 23:41:28+00:00,"@cb_doge I was pulling network cables on Saturday to understand the critical path better.

Went through both the Tesla and xAI supercomputer clusters.",-0.06528039554918516
1812281822887469104,2024-07-14 00:23:51+00:00,"@stillgray Dangerous times ahead. 

Two people (separate occasions) have already tried to kill me in the past 8 months. They were arrested with guns about 20 mins drive from Tesla HQ in Texas.",-0.056374723555088824
1812176609215996247,2024-07-13 17:25:46+00:00,@TeslaBoomerMama They are contemptible parasites on the neck of Tesla,-0.0009289768110271254
1811768409455026445,2024-07-12 14:23:44+00:00,"New Tesla Model 3 version available in America. 

363 miles of range for $35k!",0.0006947639100805814
1811427492932313127,2024-07-11 15:49:03+00:00,@thejefflutz @POTUS @Tesla Does seem weird,0.006311787031087111
1811421880622174707,2024-07-11 15:26:45+00:00,"Good Tesla self-driving demo. 

It‚Äôs true, buying anything except a Tesla will seem like buying a horse &amp; buggy.",0.006311787031087111
1811355106568265835,2024-07-11 11:01:25+00:00,"@diana_dukic Nikola Tesla was great and AC was the right move back then. 

These days, with the proliferation of electronics that use DC and advanced power electronics, it would be better to use DC. 

High voltage DC is also materially more efficient for long distance electricity",0.006311787031087111
1811239226475987158,2024-07-11 03:20:57+00:00,"@SawyerMerritt From Grok ü§£ü§£

Well, well, well, if it isn't our favorite stock market soothsayer, Jim ""Reverse Midas Touch"" Cramer, back at it again with his crystal ball predictions. This time, he's foretelling a bright future for Tesla, claiming it could soon reach a $1 trillion market cap.",0.006311787031087111
1809973719546142860,2024-07-07 15:32:17+00:00,@CuriousPejjy All that matters is improving Tesla self-driving AI such that miles between interventions is &gt;&gt; human,-0.014106470353289585
1809380365464723964,2024-07-06 00:14:30+00:00,@lukas_m_ziegler @Raspberry_Pi Maybe Tesla should built it. Would be so cute.,0.004880686298812206
1808726234412527817,2024-07-04 04:55:13+00:00,@Gfilche @Tesla That is indeed the question,0.0029589389657047674
1808525554758361574,2024-07-03 15:37:47+00:00,@niccruzpatane @SHAQ @Tesla @WholeMarsBlog @tesla_na Cool,0.006661254726850068
1808326181453775069,2024-07-03 02:25:33+00:00,"@sampullara @Tesla Safety first, then the convenience features. Some of this stuff like the rolling stop is technically illegal, so NHTSA gets upset, but 99% of people do it.",0.006661254726850068
1808221758022938960,2024-07-02 19:30:36+00:00,@netcapgirl The only publicly-traded stock I own is Tesla,0.06716956509678289
1808158551614853568,2024-07-02 15:19:27+00:00,@mayemusk @Tesla You sure are traveling the world!,0.06716956509678289
1808156026123829599,2024-07-02 15:09:25+00:00,"@WholeMarsBlog üòÇ

Once Tesla fully solves autonomy and has Optimus in volume production, anyone still holding a short position will be obliterated. Even Gates.",0.06716956509678289
1808154240658870448,2024-07-02 15:02:19+00:00,"Yeah, it‚Äôs awesome. Once you use Tesla Autopilot/FSD for commuting, you won‚Äôt use any other car.",0.06716956509678289
1807842520933847138,2024-07-01 18:23:39+00:00,@LamarMK @cybertruck @Tesla @tesla_na We‚Äôll get it fixed pronto,0.15398872679648226
1762716007913652650,2024-02-28 05:47:00+00:00,"Tonight, we radically increased the design goals for the new Tesla Roadster.

There will never be another car like this, if you could even call it a car.",-0.0021470814192094175
1762500636787212320,2024-02-27 15:31:12+00:00,Tesla Model Y receives highest possible safety rating,0.006715736143629976
1761962177794306542,2024-02-26 03:51:33+00:00,"Tesla Cybertruck, the finest in apocalypse defense technology!",0.010622191126575233
1761105207306469826,2024-02-23 19:06:15+00:00,"@kron4news Just hearing about this. Will make things good with the bakery. 

People should always be able to count on Tesla trying its best.",0.040581536079388504
1760509248424055176,2024-02-22 03:38:08+00:00,"@WallStreetSilv @SawyerMerritt No, Daimler‚Äôs $50M investment in May 2009 was the crucial money that saved Tesla. We would have bounced payroll one month later.",-0.02468835386699489
1760041914550943974,2024-02-20 20:41:07+00:00,"@patrickc I thought SpaceX and Tesla both had &gt;90% chance of failure, but worth trying anyway",-0.004053377086215448
1759305974093877282,2024-02-18 19:56:45+00:00,@Scobleizer Where Tesla video generation exceeds OpenAI is that it predicts extremely accurate physics. That is essential for self-driving.,-0.021147744462139614
1759255283040235546,2024-02-18 16:35:19+00:00,"Tesla will never make a concept car that doesn‚Äôt become reality 
 https://t.co/zRpypOvPru",-0.021147744462139614
1759144877567205570,2024-02-18 09:16:36+00:00,"Tesla generative video from last year
 https://t.co/s5ZodFigYe",-0.021147744462139614
1758971457894224357,2024-02-17 21:47:30+00:00,"@DrKnowItAll16 @OpenAI @Tesla We have been short on training compute for FSD, so haven‚Äôt trained with other video, but certainly could. Will do it later this year when we have some spare capacity.",-0.028838221239219176
1758970943840395647,2024-02-17 21:45:27+00:00,"@DrKnowItAll16 @OpenAI @Tesla Tesla has been able to do real-world video generation with accurate physics for about a year. 

It wasn‚Äôt super interesting, because all the training data came from the cars, so it just looks like video from a Tesla, albeit with a dynamically generated (not remembered) world.",-0.028838221239219176
1757361022602825961,2024-02-13 11:08:12+00:00,"@niccruzpatane @cybertruck @sparksmotors @Tesla @WholeMarsBlog @tesla_na Once in a while, a truly special product comes along",0.10805429163679887
1757152055498567956,2024-02-12 21:17:50+00:00,@TeslaBoomerPapa @Tesla He has lost his marbles,0.0852876301292982
1756752162971918808,2024-02-11 18:48:49+00:00,"@stillgray Everyone pays full price for a Tesla, including me",-0.006786438150321046
1756751879701156059,2024-02-11 18:47:41+00:00,"Since most people don‚Äôt love to buy cars in the middle of winter, Tesla is offering a $1000 incentive to do so.

This is the essential quandary of manufacturing: factories need continuous production for efficiency, but consumer demand is seasonal.",-0.006786438150321046
1756135690666955197,2024-02-10 01:59:10+00:00,@MichaelDell @Tesla Good to see you,-0.03508844629779743
1754300406438801747,2024-02-05 00:26:24+00:00,"@teslaownersSV First, no one has ever mentioned rehab to me ever. 

Second, if they are saying that I was able to lead Tesla to be by far the most valuable carmaker and SpaceX to be by far the most valuable space company *simultaneously*, that is the greatest compliment I have ever received!",0.08551386022245723
1754064354524463149,2024-02-04 08:48:25+00:00,@DavidSacks So deeply and utterly wrong that a law firm that harmed Tesla could stand to gain billions,0.03447114972741965
1753125611042705702,2024-02-01 18:38:11+00:00,"@AravSrinivas For most companies, Nevada. 

Tesla is physically headquartered in Texas, so makes more sense for us.",0.008496611271370757
1752922071229722990,2024-02-01 05:09:24+00:00,"The public vote is unequivocally in favor of Texas!

Tesla will move immediately to hold a shareholder vote to transfer state of incorporation to Texas.",0.008496611271370757
1752491924848820595,2024-01-31 00:40:09+00:00,"Should Tesla change its state of incorporation to Texas, home of its physical headquarters?",0.029467517233707607
1752419059591676339,2024-01-30 19:50:36+00:00,@thejefflutz @Tesla Thanks!,0.02283357513329513
1750997027922567324,2024-01-26 21:39:58+00:00,"@SawyerMerritt The governor is correct that this is a Dojo Supercomputer, but $500M, while obviously a large sum of money, is only equivalent to a 10k H100 system from Nvidia.

Tesla will spend more than that on Nvidia hardware this year. The table stakes for being competitive in AI are at",0.06018638561762715
1750697133022249149,2024-01-26 01:48:17+00:00,"@WR4NYGov My estimate of the probability of success at the beginning of both Tesla and SpaceX was less than 10%.

The reason people telling me we would probably fail didn‚Äôt dissuade me was that I already agreed with them!",0.06018638561762715
1750377366088798237,2024-01-25 04:37:39+00:00,This is my concern re Tesla voting control. Money doesn‚Äôt matter if powerful technology goes awry.,0.01429889558882033
1748621463932850667,2024-01-20 08:20:19+00:00,@alex_avoigt Great work by the Tesla team,0.005446652096188862
1748593900560711886,2024-01-20 06:30:47+00:00,"@Ziyaggy @Tesla Import duties are super high in South Africa to protect the domestic industry. 

Doesn‚Äôt make sense for Tesla, given that electric cars are not locally made.",0.005446652096188862
1747297211476570201,2024-01-16 16:38:13+00:00,"@Kristennetten Robots will build robots one day. Seems inevitable, whether Tesla does it or not.",-0.011311992794313896
1747078661923098690,2024-01-16 02:09:46+00:00,@WholeMarsBlog No feud or battle at all. The Tesla board is excellent.,-0.011311992794313896
1747035106257023362,2024-01-15 23:16:42+00:00,"@heyitsyashu I should note that the Tesla board is great. The reason for no new ‚Äúcompensation plan‚Äù is that we are still waiting for a decision in my Delaware compensation case. The trial for that was held in 2022, but a verdict has yet to be made. 

I put ‚Äúcompensation plan‚Äù in quotes,",-0.008115179199690913
1746999488252703098,2024-01-15 20:55:10+00:00,"@heyitsyashu I am uncomfortable growing Tesla to be a leader in AI &amp; robotics without having ~25% voting control. Enough to be influential, but not so much that I can‚Äôt be overturned.

Unless that is the case, I would prefer to build products outside of Tesla. You don‚Äôt seem to understand",-0.008115179199690913
1746553902080598185,2024-01-14 15:24:34+00:00,@Teslaconomics Tesla is excellent in snow,0.000615856102748405
1745919090798063695,2024-01-12 21:22:03+00:00,@JonErlichman It was wild when Tesla exceeded the Exxon market cap,0.0
1745464332538753309,2024-01-11 15:15:00+00:00,Credit to the Tesla team,-0.036232607526844235
1744599959725347301,2024-01-09 06:00:18+00:00,"@SawyerMerritt Yeah, I was running on very little sleep for several days due to extreme work requirements. Worth noting that Tesla was very close to bankruptcy in 2017.",-0.07100297206685971
1744547560314830971,2024-01-09 02:32:05+00:00,@EvasTeslaSPlaid @Tesla Does kinda have cylon vibes,-0.07100297206685971
1744493296150286830,2024-01-08 22:56:27+00:00,Great work by the Tesla team!,-0.05505019758919186
1744410563575222315,2024-01-08 17:27:42+00:00,@DrKnowItAll16 @Tesla The industry experts said this was impossible,-0.05505019758919186
1744234845885149320,2024-01-08 05:49:28+00:00,"@WhatsupFranks ‚Ä¶ while simultaneously leading Tesla to be the world‚Äôs most valuable car company (Model Y is the selling vehicle on Earth) and SpaceX to be the world‚Äôs most valuable space company (~80% of all payload to orbit last year). 

Whatever I‚Äôm doing, I should obviously keep doing it!",-0.05505019758919186
1742423298217033776,2024-01-03 05:51:01+00:00,@NicklasNilsso14 Tesla is an AI/robotics company that appears to many to be a car company,-0.010051006088837917
1742405058690457971,2024-01-03 04:38:32+00:00,"This is how we create Tesla products
 https://t.co/DsmisqDGSp",-0.010051006088837917
1742357838419128423,2024-01-03 01:30:54+00:00,"@blueskykites @tesla_na @gigafactories @Tesla @WholeMarsBlog @EvaFoxU @shivon @DriveTeslaca @28delayslater @DimaZeniuk @MatthewDR @bevedoni @SirineAti @RenataKonkoly @CzechArtGirl @Kristennetten @JoeTegtmeyer Maybe not exceed, but pretty close",-0.010051006088837917
1852413680388059418,2024-11-01 18:13:32+00:00,@sherkhantx @Teslaconomics @Tesla üíØ great idea!,-0.026204545457347378
1852366043852751129,2024-11-01 15:04:14+00:00,Tesla FSD is now almost entirely AI,-0.026204545457347378
1852357008210505744,2024-11-01 14:28:20+00:00,"@ajtourville @Tesla It was an interesting conversation. 

Combustion rockets are the best way to get to Mars in the short to medium term. 

There is perhaps some merit to a fission rocket shuttling between low Earth orbit and low Mars orbit, but chemical rockets are well-suited to getting to orbit,",-0.026204545457347378
1852140237369094232,2024-11-01 00:06:58+00:00,@blueskykites @SawyerMerritt @Tesla Exactly,-0.026204545457347378
1851736075666100496,2024-10-30 21:20:58+00:00,"@SawyerMerritt @Tesla If he hadn‚Äôt gotten bailed out by Amazon, his company would be dead already",-0.035401208752205975
1851140594292457879,2024-10-29 05:54:44+00:00,@SawyerMerritt @Tesla Cool,-0.045863342244524256
1850906070543466531,2024-10-28 14:22:50+00:00,"@dutch1777real @AutismCapital It‚Äôs a Tesla shirt, but refers to the Foundation books by Asimov",-0.0579470539505063
1850313141571482095,2024-10-26 23:06:44+00:00,"@tunguz He is just plain wrong. Almost the entire founding team of @SpaceX was over 30. 

Over half of the founding team of Tesla was too.",-0.04444094058964552
1849489118390276492,2024-10-24 16:32:22+00:00,"SpaceX &amp; Tesla continue to execute extremely well, despite being large companies",0.041354089679008124
1848937304498270399,2024-10-23 03:59:39+00:00,Wild to think that Tesla‚Äôs mass flux is ~4 million tons of complex manufactured goods,0.26494607819957516
1848873322098135386,2024-10-22 23:45:25+00:00,@SawyerMerritt @Tesla Cool,0.25160620634585396
1848807587510423812,2024-10-22 19:24:12+00:00,"@FutureJurvetson The last automotive factory in California (NUMMI) shut down in early 2009. 

Tesla took over the derelict building, after it was stripped of anything useful, and it is now the highest production car factory in the Americas!

That was simply because I lived in California.",0.25160620634585396
1848767146685567268,2024-10-22 16:43:30+00:00,@ajtourville @Tesla That movie sucked,0.25160620634585396
1847771876078330255,2024-10-19 22:48:39+00:00,@LinusEkenstam @MKBHD @Tesla @ChristianSelig Exactly,-0.0037503105851257133
1847762338402677080,2024-10-19 22:10:45+00:00,@dhaval_shroff Tesla engineering talent is awesome!,-0.0037503105851257133
1847679277900120174,2024-10-19 16:40:42+00:00,"The Plaid Speed Model S Tesla does 0 to 60 mph in 2 seconds. Crushes any million dollar sports car, despite being a 4 door sedan.",-0.0037503105851257133
1846407635370639868,2024-10-16 04:27:39+00:00,@YunTaTsai1 Great work by the Tesla team!,-0.0008893577299711555
1846268033461113068,2024-10-15 19:12:55+00:00,@SawyerMerritt @Tesla True,0.008533214939797378
1846230339070398639,2024-10-15 16:43:08+00:00,Tesla Semi will be available worldwide,0.008533214939797378
1845723787406319885,2024-10-14 07:10:17+00:00,@SawyerMerritt @SpaceX @Tesla True,0.012427258873082388
1844664261458735604,2024-10-11 09:00:06+00:00,@Scobleizer @Tesla Thanks,0.0037036042703706366
1844614647711936861,2024-10-11 05:42:57+00:00,@YunTaTsai1 Great work by the Tesla team!,0.0037036042703706366
1844610721780466136,2024-10-11 05:27:21+00:00,@kimbal @Tesla Robots ‚Ä¶ robots everywhere,0.0037036042703706366
1844549020246736932,2024-10-11 01:22:11+00:00,Map of the Tesla future world constructed at the @WBPictures studio,0.0037036042703706366
1844548290681192896,2024-10-11 01:19:17+00:00,Tesla product unveil in less than an hour,0.0037036042703706366
1844496209970594079,2024-10-10 21:52:20+00:00,@wintonARK Tesla has economies of scale and a technology architecture that make it extremely difficult (unless I‚Äôm missing something major) for others to compete,-0.09122884694465475
1844261277255991795,2024-10-10 06:18:47+00:00,"@mazemoore @CollinRugg Major cleanup needed at 60 Mins. Producers need to be fired. 

They edited an interview I once did with them. My actual words were ‚ÄúI can do what I want at Tesla, provided that shareholders agree‚Äù. 

They deleted the last four words, giving my statement the opposite meaning.",-0.09122884694465475
1843923667430060102,2024-10-09 07:57:15+00:00,Watch the Tesla product launch event live on ùïè,-0.10979467634089402
1842750756820050337,2024-10-06 02:16:31+00:00,@DrKnowItAll16 @Tesla Cybertruck is special,-0.0627702001038731
1841120464153854279,2024-10-01 14:18:19+00:00,"@ajtourville @Tesla Wow, and here I am mistakenly thinking people love talking about ASS üòÇ",-0.06545647517745538
1807533728865964250,2024-06-30 21:56:37+00:00,@unlimited_ls This is why Tesla vehicle have automatic overheat protection to safeguard kids &amp; pets,0.2104719969912068
1839832700468736027,2024-09-28 01:01:12+00:00,@ajtourville @Tesla Nice,-0.033905961947905995
1839442880349544616,2024-09-26 23:12:12+00:00,@ajtourville @Tesla This sounds crazy. Looking into it.,0.013626387903110593
1838339043337146481,2024-09-23 22:05:57+00:00,Your Tesla can now drive itself through complex parking lots to find you,-0.0034006202417667004
1838239340884803828,2024-09-23 15:29:46+00:00,"You can summon a driverless Tesla from anywhere in the parking lot.

Rapidly approaching the ability to summon from anywhere at all.",-0.0034006202417667004
1838238701886849183,2024-09-23 15:27:14+00:00,"Competitors receive vastly more subsidies than SpaceX or Tesla. 

The success of SpaceX/Tesla is in spite of competitor subsidies!

Look at how much was given away for a North American Supercharger network to compete against Tesla and it still failed. 

Or the massive subsidies",-0.0034006202417667004
1837639467626111162,2024-09-21 23:46:05+00:00,"@vkhosla Do some research before you display your utter ignorance. 

SpaceX gets no subsidies and received half as much as Boeing for astronaut transport, but did 100% of the work. 

As for Tesla, take a minute to read our public filings and you will see that EV incentives represent a",0.05279841171425477
1837506412357824960,2024-09-21 14:57:22+00:00,"@PeterSweden7 Then the battery packs of the busses are too small. 

Teslas can operate well even above the Arctic Circle.

Also, busses will not be needed when Tesla rolls out unsupervised full self-driving, as they will take people point to point for a similar cost to a bus ticket.",0.05279841171425477
1836911713649586398,2024-09-19 23:34:15+00:00,"Shanghai just experienced the most powerful typhoon in 75 years!

Best wishes for the resilient &amp; resourceful people of Shanghai. 

I have asked our Tesla Shanghai team to help anyone in distress to the best of our ability.",-0.02519457404902147
1836516393048748522,2024-09-18 21:23:23+00:00,@ajtourville @Tesla Progress,0.046881068557546896
1836437913137262867,2024-09-18 16:11:32+00:00,"Compared to diesel, Tesla Semi trucks have a lot more acceleration, uphill power and computer-controlled safety features like jackknifing protection, so both more fun and safer to drive",0.046881068557546896
1836117079289667978,2024-09-17 18:56:39+00:00,@TheEVuniverse You mean the video of the Tesla presentation?,0.04269355954331279
1835867190362345533,2024-09-17 02:23:41+00:00,"Giga Texas, Tesla Headquarters https://t.co/eqbIP1ID5q",0.04269355954331279
1835124037934367098,2024-09-15 01:10:40+00:00,Congratulations Tesla cell team!,-0.02531636139071173
1834715697802625484,2024-09-13 22:08:04+00:00,Nice work by Tesla Energy,-0.02254892321314326
1833558056665481513,2024-09-10 17:28:01+00:00,"But here‚Äôs the rub, Tesla never has to bribe Kia drivers to buy a Tesla ‚Ä¶",0.001435513809383367
1833533690045206612,2024-09-10 15:51:11+00:00,Best deal in America for a Tesla,0.001435513809383367
1832894784244990093,2024-09-08 21:32:24+00:00,@SawyerMerritt @Tesla Cool,0.07018091554718554
1832640453268607430,2024-09-08 04:41:47+00:00,@SawyerMerritt The McLaren F1 (an amazing sports car) is 50% slower than a Tesla Model S in 0 to 60 mph,0.07018091554718554
1832619430762705190,2024-09-08 03:18:15+00:00,"@WholeMarsBlog How many fake articles have you seen about Tesla at this point? 100, 1000, maybe several thousand?

WSJ is talking nonsense.",0.07018091554718554
1832618127189774374,2024-09-08 03:13:04+00:00,"@ajtourville @xai @Tesla Haven‚Äôt read the article, but the above is not accurate. 

Tesla has learned a lot from discussions with engineers at xAI that have helped accelerate achieving unsupervised FSD, but there is no need to license anything from xAI.

The xAI models are gigantic, containing, in",0.07018091554718554
1832155726443319592,2024-09-06 20:35:39+00:00,"Tesla Model S Plaid Speed (Spaceballs reference for beyond ludicrous speed) does 0 to 60 mph in 2 seconds, despite being a four door sedan with a large trunk!",0.016587785798435967
1831170671948304604,2024-09-04 03:21:24+00:00,"@EPavlic @breckyunits @bchesky Just leaving Tesla engineering offices in Palo Alto. Mostly good, some bad.

The future is going to be wild. There will be so many robots ‚Ä¶",-0.04219415149536788
1831106832280027211,2024-09-03 23:07:43+00:00,Tesla Actually Smart Summon going to wide release next week!,-0.006872346179991523
1863102284919632199,2024-12-01 06:06:14+00:00,Tesla has the best real-world AI by far,-0.01855399175582787
1862844901601263664,2024-11-30 13:03:29+00:00,@ScarantinoX @Tesla @Tesla_AI @WholeMarsBlog Glad to hear that,-0.016283713039169565
1840602183831617821,2024-09-30 03:58:52+00:00,@aelluswamy @SawyerMerritt @Tesla @Tesla_AI Nice work,-0.11965643944125662
1785406795814510785,2024-04-30 20:32:06+00:00,"Tesla still plans to grow the Supercharger network, just at a slower pace for new locations and more focus on 100% uptime and expansion of existing locations",-0.03058091530268797
1806185837417095573,2024-06-27 04:40:35+00:00,@TomKoelzerNow @all_in_tok @DavidSacks @Tesla Yeah. The legal load and pressure for short-term results for a public company are very high.,-0.0031980260359397604
1805277193360273589,2024-06-24 16:29:57+00:00,"@BaronCapital @RonBaronAnalyst Long-term return on Tesla will, I believe, be exceptional",0.07279870291604575
1803856461333725615,2024-06-20 18:24:29+00:00,"@WholeMarsBlog Then HW5, which has been renamed to AI5, in the second half of next year. 

The Tesla AI5 computer has ~10X the capability of HW4 computer and Tesla makes the whole software stack.",0.008134722079647435
1803849373018644880,2024-06-20 17:56:19+00:00,"Sizing for ~130MW of power &amp; cooling this year, but will increase to &gt;500MW over next 18 months or so. 

Aiming for about half Tesla AI hardware, half Nvidia/other.

Play to win or don‚Äôt play at all.",0.008134722079647435
1803437440750731456,2024-06-19 14:39:26+00:00,@Micro2Macr0 @Tesla Nice,-0.016137973635042657
1803077464463114479,2024-06-18 14:49:01+00:00,Article about Tesla Powerwall 3,-0.0179169389561437
1802815413832802748,2024-06-17 21:27:44+00:00,@chazman @Tesla Meaningful improvements in 12.4.2,-0.03417329013258441
1802787641340952861,2024-06-17 19:37:22+00:00,Working on the Tesla Master Plan 4. It will be epic.,-0.03417329013258441
1802765778191597688,2024-06-17 18:10:29+00:00,"Tesla Megapacks massively increase electric power generation efficiency, as they can buffer power at night for use in the day, dramatically reducing the need to build new powerplants. 

It also allows for the least efficient power plants to be shut down!",-0.03417329013258441
1801980372823187707,2024-06-15 14:09:34+00:00,@pmarca The new Tesla Roadster can fly,0.03677557950129115
1801871955479642553,2024-06-15 06:58:46+00:00,@TXsecofstate @Tesla Thank you!,0.03677557950129115
1801345127941816519,2024-06-13 20:05:20+00:00,Tesla annual meeting in 25 mins!,-0.02466267839459233
1801084780035154058,2024-06-13 02:50:48+00:00,"Both Tesla shareholder resolutions are currently passing by wide margins!

‚ô•Ô∏è‚ô•Ô∏è Thanks for your support!! ‚ô•Ô∏è‚ô•Ô∏è https://t.co/udf56VGQdo",-0.02466267839459233
1801084163900289293,2024-06-13 02:48:21+00:00,@jeffskoll @Tesla Thanks Jeff!,-0.02466267839459233
1800945146378260990,2024-06-12 17:35:57+00:00,"@SawyerMerritt We could, but hopefully it isn‚Äôt needed. 

Tesla is one of the few companies that has its own tech stack (not iOS, Android or forked Android).",0.0049268712997462966
1800754855813976340,2024-06-12 04:59:48+00:00,@SawyerMerritt @ARKInvest They have been the most accurate predictors of the value of Tesla,0.0049268712997462966
1800602759965847928,2024-06-11 18:55:26+00:00,@bgurley @Tesla Exactly,0.04102002148103753
1800014596452855903,2024-06-10 03:58:17+00:00,@SawyerMerritt @Tesla @xai @boringcompany Lot of new tech,0.04384237897849576
1799650788848841069,2024-06-09 03:52:38+00:00,"Thanks Ashok! 

Ashok was the first person to join the Tesla AI/Autopilot team and ultimately rose to lead all AI/Autopilot software. 

Without him and our awesome team, we would just be another car company looking for an autonomy supplier that doesn‚Äôt exist. 

Btw, I never",-0.009044672466462317
1799646560265093502,2024-06-09 03:35:50+00:00,@OpenskiesX @Tesla Yeah,-0.009044672466462317
1799631104389107774,2024-06-09 02:34:25+00:00,"@CuriousPejjy No Model Y ‚Äúrefresh‚Äù is coming out this year. 

I should note that Tesla continuously improves its cars, so even a car that is 6 months newer will be a little better.",-0.009044672466462317
1799621606744162548,2024-06-09 01:56:41+00:00,"I‚Äôve mentioned something like this before, but, if any of my companies goes public, we will prioritize other longtime shareholders of my other companies, including Tesla.

Loyalty deserves loyalty.",-0.009044672466462317
1799577948262957370,2024-06-08 23:03:12+00:00,"Please take a moment to vote your Tesla shares before the annual meeting on Thursday. 

Lmk in comments if you encounter any issues.",-0.04252462484198751
1799508690619281804,2024-06-08 18:27:59+00:00,@Scobleizer @Tesla Thanks Robert,-0.04252462484198751
1799177807102353718,2024-06-07 20:33:10+00:00,@SawyerMerritt They deserve to repay Tesla legal costs and get nothing!,-0.02199505095554269
1798494289280020989,2024-06-05 23:17:07+00:00,How to vote your Tesla shares,0.01911795554467601
1798374945644277841,2024-06-05 15:22:53+00:00,"@SawyerMerritt FSD 12.4.1 releases today to Tesla employees. If that goes well, then it will be released to a limited number of external customers this weekend.

There are a massive number of changes to this build. It should arguably be called v13, but we‚Äôre sticking to 12 üòÇ 

Two other",0.01911795554467601
1798064772858122463,2024-06-04 18:50:22+00:00,"@WholeMarsBlog @rocker_261 @SawyerMerritt Training compute for Tesla is relatively small compared to inference compute, as the latter scales linearly with size of fleet. 

Perhaps the best way to think about it is in terms of power consumption. 

When the Tesla fleet reaches 100M vehicles, peak power consumption of AI",0.021911211652473367
1798055141670781107,2024-06-04 18:12:06+00:00,"@SawyerMerritt Of the roughly $10B in AI-related expenditures I said Tesla would make this year, about half is internal, primarily the Tesla-designed AI inference computer and sensors present in all of our cars, plus Dojo. 

For building the AI training superclusters, NVidia hardware is about",0.021911211652473367
1798007748728365503,2024-06-04 15:03:47+00:00,"@xDaily Tesla had no place to send the Nvidia chips to turn them on, so they would have just sat in a warehouse. 

The south extension of Giga Texas is almost complete. This will house 50k H100s for FSD training.",0.021911211652473367
1797660307713859985,2024-06-03 16:03:10+00:00,Tesla went public at $1.5B valuation 14 years ago. Valuation today is over $500B.,0.014553476582032284
1796718671139569941,2024-06-01 01:41:27+00:00,@Gfilche @Tesla Yeah,-0.01826389143457996
1796715946918228360,2024-06-01 01:30:37+00:00,"@Gfilche @Tesla FSD will have chill, standard and hurry modes",-0.01826389143457996
1796577674229588414,2024-05-31 16:21:10+00:00,How to vote your Tesla shares,-0.01005086079956799
1795799202032730545,2024-05-29 12:47:48+00:00,@EdKrassen Biden cares a lot more about whether Tesla is unionized than whether Tesla is saving the environment,0.019291377515655905
1795673608737718467,2024-05-29 04:28:44+00:00,"@alex_avoigt It‚Äôs not just that he would short Tesla, he would also push false stories about Tesla in the media, who performed for him like circus poodles!",0.019291377515655905
1795471329954537958,2024-05-28 15:04:57+00:00,Please let us know if you have any questions about voting your Tesla shares!,0.01885396481862476
1794413021366022258,2024-05-25 16:59:37+00:00,"‚ÄúTesla is far ahead in self-driving cars‚Äù ‚Äì Jensen Huang
 https://t.co/wynHNIcf7n",-0.017263354694488725
1794140283095158907,2024-05-24 22:55:51+00:00,Tesla Megapack batteries are great for buffering energy at scale!,0.0
1793666346963890315,2024-05-23 15:32:36+00:00,@JohnStossel I think you mean Tesla?,0.02000071910790291
1792572030526886279,2024-05-20 15:04:11+00:00,The Tesla team put this together of their own volition (I did not ask for it). Thanks!,-0.04233911481143735
1792075636217090332,2024-05-19 06:11:41+00:00,This is concerning. Tesla will reach out to these banks/brokers. Shareholders have the right to vote their shares!,-0.01407654415682364
1791917896991678640,2024-05-18 19:44:53+00:00,"@CuriousPejjy The Tesla naysayers are loud, but are rare outside of hedge fund short sellers and far left activists. 

And, of course, our amazing President üòç",0.03412177095316683
1791859736666878033,2024-05-18 15:53:47+00:00,Please let us know if you have any difficulties voting your Tesla stock,0.03412177095316683
1791695760666607641,2024-05-18 05:02:12+00:00,Congrats Tesla Fremont team!,0.03412177095316683
1791695511248080956,2024-05-18 05:01:12+00:00,Please reply in comments if you‚Äôre having difficulty voting your Tesla shares,0.03412177095316683
1791031052569600176,2024-05-16 09:00:53+00:00,Thanks to all Tesla vote supporters!,0.008963158283755976
1789107310725673336,2024-05-11 01:36:37+00:00,"@twrobinette Now, apply this logic to Tesla",0.05418630280994448
1788981576375648491,2024-05-10 17:17:00+00:00,"@WR4NYGov Something super weird is going on, as Tesla was the *only* car company attacked!",0.019022761437839368
1788935167374946335,2024-05-10 14:12:35+00:00,"@thejefflutz @Tesla This is fake news. 

Protesters did not manage to break through the fenceline. There are still 2 intact fence lines all around. 

Note, this is ‚ÄúNational Protest Week‚Äù in Germany, so there are a lot of protests for many different reasons.",0.019022761437839368
1788834859110002716,2024-05-10 07:34:00+00:00,"Just to reiterate: Tesla will spend well over $500M expanding our Supercharger network to create thousands of NEW chargers this year. 

That‚Äôs just on new sites and expansions, not counting operations costs, which are much higher.",0.019022761437839368
1788831792331460930,2024-05-10 07:21:48+00:00,@WholeMarsBlog @ConsumerReports Tesla is half a decade ahead or more,0.019022761437839368
1788116826355798163,2024-05-08 08:00:47+00:00,@erikbryn As Tesla predicted 20 years ago,-0.04119151832163649
1788028272628097460,2024-05-08 02:08:54+00:00,The latest version of Tesla‚Äôs (supervised) self-driving will blow your mind,-0.04119151832163649
1787916246404710478,2024-05-07 18:43:45+00:00,How to vote your Tesla shares,-0.06714435698467575
1787325206677401672,2024-05-06 03:35:10+00:00,@Gfilche He should take a position in Tesla. It‚Äôs an obvious move.,-0.08201702351098679
1786866360133582878,2024-05-04 21:11:53+00:00,@CEOre_ @GailAlfarATX @Tesla Maybe when the new Diablo season starts in 10 days,-0.025929198253694982
1786866068549742595,2024-05-04 21:10:43+00:00,@teslaownersSV @GailAlfarATX @Tesla Of course,-0.025929198253694982
1786859318979248532,2024-05-04 20:43:54+00:00,@GailAlfarATX @Tesla Castle Doombad &amp; Vampire Survivors are 2 of my favorite games,-0.025929198253694982
1786834333493502281,2024-05-04 19:04:37+00:00,Please take a moment to vote your Tesla shares and let us know if you encounter any issues with voting,-0.025929198253694982
1786826907297906699,2024-05-04 18:35:06+00:00,"The standard Tesla Model Y now has a 320 mile range! 

Although it is rear-wheel-drive, the precision of Tesla‚Äôs electric motors means it still has great traction on snow &amp; ice with all-season tires.

https://t.co/Oj2hxF9yiE",-0.025929198253694982
1786580768829079744,2024-05-04 02:17:03+00:00,"@nursedanakay Pure AI vision auto park. 

Coming soon, your Tesla will take you to your destination and park automatically, unless you ask it otherwise.",-0.025929198253694982
1786245292985049162,2024-05-03 04:03:59+00:00,@MuskBreaking @MKBHD @Flagrant2Army Building Tesla was tough,0.015235183914405386
1861208380351881599,2024-11-26 00:40:32+00:00,"@SawyerMerritt Tesla is the only one making cars in California, so this move hurts jobs in California",-0.0070095600364322025
1861201723181933001,2024-11-26 00:14:04+00:00,"@HuinGuillaume We don‚Äôt really have marketing at X, SpaceX or Tesla",-0.0070095600364322025
1861145047124845054,2024-11-25 20:28:52+00:00,"Even though Tesla is the only company who manufactures their EVs in California!

This is insane.",-0.050580654093696595
1860859229986508847,2024-11-25 01:33:08+00:00,"@YunTaTsai1 @ibab @xai Yeah, par for the course for many years with Tesla AI üòÇ",-0.050580654093696595
1860578026519691633,2024-11-24 06:55:44+00:00,@BG2Pod @Tesla @Waymo @bgurley @altcap @FredaDuan Coming soon,-0.10081784121665835
1860461653709455417,2024-11-23 23:13:18+00:00,"@jeffskoll @SpaceX @Tesla Thanks Jeff üòÄ

Note, xAI is a generalized AI company and was not created as an offshoot of Tesla in any way whatsoever.",-0.07202597820011691
1860453130552361331,2024-11-23 22:39:26+00:00,@EvaLovesDesign @SpaceX You don‚Äôt need to credit SpaceX or Tesla,-0.07202597820011691
1859483544612913376,2024-11-21 06:26:39+00:00,"Just learned tonight at Mar-a-Lago that Jeff Bezos was telling everyone that @realDonaldTrump would lose for sure, so they should sell all their Tesla and SpaceX stock ü§≠",0.014355897657519805
1858525226943864913,2024-11-18 14:58:38+00:00,"@BluegrassRabbi That‚Äôs great to see!

Tesla Robovan is in development. Some other things too.",-0.06448272485960067
1856390770628145546,2024-11-12 17:37:04+00:00,"Congratulations Tesla Powerwall team!

These will make a big difference around the world. With a Powerwall, your home or business has guaranteed continuous power during utility blackouts or brownouts. 

Add solar to your roof and/or nearby ground and you can operate off grid.",-0.0980880324155648
1854546470894027165,2024-11-07 15:28:29+00:00,"Justice prevails. 

Meanwhile, none of the many short sellers who egregiously manipulated Tesla stock for years and lied repeatedly on TV have been prosecuted. Not one.",0.07219175351141337
1853840406074589197,2024-11-05 16:42:50+00:00,Test drive a Tesla and see for yourself!,0.2530761817103539
1852795684296012085,2024-11-02 19:31:29+00:00,Take a long trip in a Tesla and everything just works,0.0048001485858749325
1872860577057448306,2024-12-28 04:22:12+00:00,"@stevenmackeyman The reason I‚Äôm in America along with so many critical people who built SpaceX, Tesla and hundreds of other companies that made America strong is because of H1B.

Take a big step back and FUCK YOURSELF in the face. I will go to war on this issue the likes of which you cannot",-0.0908414345298033
1872774494101880982,2024-12-27 22:40:08+00:00,"We named @Tesla after Nikola Tesla, one of the greatest engineers ever. 

He was a penniless immigrant whose inventions led to American dominance in electricity generation and usage. https://t.co/1K1IdSUjM0",-0.05021587036993863
1870963937933697085,2024-12-22 22:45:38+00:00,"@farzyness Anyone who vandalizes a Tesla will have a criminal record. 

Go ahead, make my day ‚Ä¶",0.07603968827615534
1870534462557331724,2024-12-21 18:19:03+00:00,"If you haven‚Äôt tried the latest @Tesla self-driving, you are missing out. 

It will blow your mind how good it is!

Pure magic. https://t.co/vHo2aa9udl",0.07324512457443685
1870128479406076169,2024-12-20 15:25:49+00:00,"Congratulations @Tesla team on a great year!
 https://t.co/5k7uepV6d9",0.00978251078537427
1868824560071852278,2024-12-17 01:04:30+00:00,Try the latest Tesla self-driving software. It will blow your mind.,-0.1774147077979956
1868778345661710470,2024-12-16 22:00:52+00:00,@robinren @Tesla Thanks Robin!,-0.09899910624778518
1868632720517243208,2024-12-16 12:22:12+00:00,Tesla has the best real-world AI by far,-0.09899910624778518
1867725462384046520,2024-12-14 00:17:05+00:00,Tesla self-driving is getting extremely good,0.06295200909831496
1867382157078868416,2024-12-13 01:32:55+00:00,Your Tesla can now drive you from your house in one complex city to another house in a different complex city,0.049051223198780046
1867060345996706057,2024-12-12 04:14:09+00:00,@cb_doge There were so articles about how Tesla was definitely going bankrupt!,0.029950061268491767
1866772850897719802,2024-12-11 09:11:45+00:00,@teslaownersSV @Tesla True,0.012910743294772764
1866770045705261362,2024-12-11 09:00:36+00:00,@koruki @SawyerMerritt @Tesla Rockets too,0.012910743294772764
1866676246740078692,2024-12-11 02:47:53+00:00,"@realGeorgeHotz @JackRhysider @comma_ai Tesla is absurdly efficient at inference, because we‚Äôre limited by a ~200W in-car computer and actually can‚Äôt brute force a solution with several kW of Nvidia GPUs",0.012910743294772764
1866571416969285954,2024-12-10 19:51:19+00:00,"@ajtourville @Tesla I‚Äôve always felt that the climate predictions were too pessimistic and bound to backfire. 

Extreme environmentalists can‚Äôt say ridiculous things like the world is doomed in 5 years, because 5 years goes by, the world is ok and they lose credibility. 

If we transition to",0.06821161652618543
1866373389528826058,2024-12-10 06:44:26+00:00,"@Teslaconomics If Tesla does become the world‚Äôs most valuable company by far, that short position will bankrupt even Bill Gates",0.06821161652618543
1866326149904879948,2024-12-10 03:36:43+00:00,@SawyerMerritt Great work by Tesla China,0.06821161652618543
1866172524708413895,2024-12-09 17:26:16+00:00,"Optimus can now walk on highly variable ground using neural nets to control its electric limbs. 

Join @Tesla if you want to work on interesting real-world AI systems.",0.052784456856553114
1865977446622704124,2024-12-09 04:31:06+00:00,Demonstrate Tesla self-driving to a friend tomorrow. It feels like magic.,0.052784456856553114
1865497141818401202,2024-12-07 20:42:32+00:00,"@SawyerMerritt @Tesla This is our internal image generation system. Still in beta, but it will improve fast.",0.0013208646611391102
1863962550041207257,2024-12-03 15:04:37+00:00,@ajtourville @Tesla Rep. Khanna is a sensible moderate,0.03910422029885396
